-- MySQL dump 10.13  Distrib 8.0.27, for Win64 (x86_64)
--
-- Host: i6b204.p.ssafy.io    Database: arttab
-- ------------------------------------------------------
-- Server version	8.0.28

/*!40101 SET @OLD_CHARACTER_SET_CLIENT=@@CHARACTER_SET_CLIENT */;
/*!40101 SET @OLD_CHARACTER_SET_RESULTS=@@CHARACTER_SET_RESULTS */;
/*!40101 SET @OLD_COLLATION_CONNECTION=@@COLLATION_CONNECTION */;
/*!50503 SET NAMES utf8 */;
/*!40103 SET @OLD_TIME_ZONE=@@TIME_ZONE */;
/*!40103 SET TIME_ZONE='+00:00' */;
/*!40014 SET @OLD_UNIQUE_CHECKS=@@UNIQUE_CHECKS, UNIQUE_CHECKS=0 */;
/*!40014 SET @OLD_FOREIGN_KEY_CHECKS=@@FOREIGN_KEY_CHECKS, FOREIGN_KEY_CHECKS=0 */;
/*!40101 SET @OLD_SQL_MODE=@@SQL_MODE, SQL_MODE='NO_AUTO_VALUE_ON_ZERO' */;
/*!40111 SET @OLD_SQL_NOTES=@@SQL_NOTES, SQL_NOTES=0 */;

--
-- Table structure for table `artwork`
--

DROP TABLE IF EXISTS `artwork`;
/*!40101 SET @saved_cs_client     = @@character_set_client */;
/*!50503 SET character_set_client = utf8mb4 */;
CREATE TABLE `artwork` (
  `id` bigint NOT NULL AUTO_INCREMENT,
  `description` varchar(100) COLLATE utf8mb4_unicode_ci DEFAULT NULL,
  `origin_file_name` varchar(300) COLLATE utf8mb4_unicode_ci NOT NULL,
  `regdate` datetime(6) DEFAULT NULL,
  `save_file_name` varchar(300) COLLATE utf8mb4_unicode_ci NOT NULL,
  `save_folder` varchar(300) COLLATE utf8mb4_unicode_ci NOT NULL,
  `title` varchar(30) COLLATE utf8mb4_unicode_ci NOT NULL,
  `writer` bigint DEFAULT NULL,
  PRIMARY KEY (`id`),
  KEY `FK9093u035n35c4af1q32up4jmu` (`writer`),
  CONSTRAINT `FK9093u035n35c4af1q32up4jmu` FOREIGN KEY (`writer`) REFERENCES `member` (`id`)
) ENGINE=InnoDB AUTO_INCREMENT=208 DEFAULT CHARSET=utf8mb4 COLLATE=utf8mb4_unicode_ci;
/*!40101 SET character_set_client = @saved_cs_client */;

--
-- Dumping data for table `artwork`
--

LOCK TABLES `artwork` WRITE;
/*!40000 ALTER TABLE `artwork` DISABLE KEYS */;
INSERT INTO `artwork` VALUES (31,'CAT | Art painting, Community art, Figurative artwork','3592cbe661574beef15023a3df697aa2.jpg','2022-02-17 20:34:16.999677','3592cbe661574beef15023a3df697aa2.jpg','/img/artwork/3592cbe661574beef15023a3df697aa2.jpg','CAT |',32),(32,'Bin ich krank? [german poetry and artwork] — Steemit','6ea9555889c7d94e62acb0970ded42b7.jpg','2022-02-17 20:34:18.775731','6ea9555889c7d94e62acb0970ded42b7.jpg','/img/artwork/6ea9555889c7d94e62acb0970ded42b7.jpg','Bin i',32),(33,'najlaa al ramahi | Painting, Abstract, Abstract artwork','10a4b9d3b6d0848677c6d9a2e5c76ed3.jpg','2022-02-17 20:34:19.114029','10a4b9d3b6d0848677c6d9a2e5c76ed3.jpg','/img/artwork/10a4b9d3b6d0848677c6d9a2e5c76ed3.jpg','najla',32),(34,'Pin by Mr D on Deenosaw in 2020 | Painting, Art, Artwork','e599326867c64c6aa37ab50ffd13eb51.jpg','2022-02-17 20:34:19.459223','e599326867c64c6aa37ab50ffd13eb51.jpg','/img/artwork/e599326867c64c6aa37ab50ffd13eb51.jpg','Pin b',32),(35,'~ Goli Mahallati ~ in 2020 | Artist, People art, Artwork','34891bf6df3086c4c401e6b83d6398e1.jpg','2022-02-17 20:34:19.839519','34891bf6df3086c4c401e6b83d6398e1.jpg','/img/artwork/34891bf6df3086c4c401e6b83d6398e1.jpg','~ Gol',32),(36,'Poster colour work A4 size | Poster colour, Artwork, Art','3e5511a2bc8d419e76f01102c8933677.jpg','2022-02-17 20:34:20.715943','3e5511a2bc8d419e76f01102c8933677.jpg','/img/artwork/3e5511a2bc8d419e76f01102c8933677.jpg','Poste',32),(37,'Pin by Delayne Van Gunten on Art | Painting, Artwork, Art','def55c9fef51532819c3d4cdaf3e5cf6.jpg','2022-02-17 20:34:21.018869','def55c9fef51532819c3d4cdaf3e5cf6.jpg','/img/artwork/def55c9fef51532819c3d4cdaf3e5cf6.jpg','Pin b',32),(38,'Pin by Michael Holmes on Artwork | Painting, Artwork, Art','b43058bd39b5dea539480ad865efa5d3.jpg','2022-02-17 20:34:21.426159','b43058bd39b5dea539480ad865efa5d3.jpg','/img/artwork/b43058bd39b5dea539480ad865efa5d3.jpg','Pin b',32),(39,'Bug\'s Parade One-of-a-kind Artwork Original Acrylic | Etsy','53fe4d1b4b634175e90394de5088fe61.jpg','2022-02-17 20:34:21.758890','53fe4d1b4b634175e90394de5088fe61.jpg','/img/artwork/53fe4d1b4b634175e90394de5088fe61.jpg','Bug\'s',32),(40,'Declaration Of Love For Paris, Reproduction in 2021 | Multi panel art, Beautiful artwork, Panel art','2c8b896182ac54281464b9719fe554df.jpg','2022-02-17 20:34:22.156491','2c8b896182ac54281464b9719fe554df.jpg','/img/artwork/2c8b896182ac54281464b9719fe554df.jpg','Decla',32),(41,'Art Peace Drawing ArtWork Hello World Artistic Rojo | EyeEm','f65555344ead30a9346a97c5761c9544.jpg','2022-02-17 20:34:24.794583','f65555344ead30a9346a97c5761c9544.jpg','/img/artwork/f65555344ead30a9346a97c5761c9544.jpg','Art P',32),(42,'Pin by Keith Douglas on my artwork | Artwork, Art, Painting','685be06f9ef661a8fb789de0f73d3acd.jpg','2022-02-17 20:34:25.267498','685be06f9ef661a8fb789de0f73d3acd.jpg','/img/artwork/685be06f9ef661a8fb789de0f73d3acd.jpg','Pin b',32),(43,'Pin by Debby Rodrig on my creation | Painting, Art, Artwork','8d142b876fc8baea19a645b92a2c0f4d.jpg','2022-02-17 20:34:25.619450','8d142b876fc8baea19a645b92a2c0f4d.jpg','/img/artwork/8d142b876fc8baea19a645b92a2c0f4d.jpg','Pin b',32),(44,'Target by Ramon Urenia on Artsicle | Art, Artwork, Painting','8677a53f69be554dad132b78808b2337.jpg','2022-02-17 20:34:25.911509','8677a53f69be554dad132b78808b2337.jpg','/img/artwork/8677a53f69be554dad132b78808b2337.jpg','Targe',32),(45,'Art Artgallery Artphoto Artsy ArtWork Art, Drawing, | EyeEm','3e236878004066203eed8256ec90d4f4.jpg','2022-02-17 20:34:29.590757','3e236878004066203eed8256ec90d4f4.jpg','/img/artwork/3e236878004066203eed8256ec90d4f4.jpg','Art A',32),(46,'ィョ on Twitter in 2020 | Abstract artwork, Art, Painting','e00b2abb85d0f4b0f34eebe70a2eeb5f.jpg','2022-02-17 20:34:29.944459','e00b2abb85d0f4b0f34eebe70a2eeb5f.jpg','/img/artwork/e00b2abb85d0f4b0f34eebe70a2eeb5f.jpg','ィョ on',32),(47,'Robin Olsen - Mended Dreams | Robin olsen, Artwork, Painting','a9468f523f3bf2207dd79429c3d3379b.jpg','2022-02-17 20:34:30.350758','a9468f523f3bf2207dd79429c3d3379b.jpg','/img/artwork/a9468f523f3bf2207dd79429c3d3379b.jpg','Robin',32),(48,'Pinture Pinturas ArtWork Art óleo New York New York | EyeEm','d1c437212d49f9014f168cb16717819d.jpg','2022-02-17 20:34:32.919119','d1c437212d49f9014f168cb16717819d.jpg','/img/artwork/d1c437212d49f9014f168cb16717819d.jpg','Pintu',32),(49,'VIVA! | Artwork, Painting, Art','e37a9f44413f30f1c28128cd465db4ec.jpg','2022-02-17 20:34:33.257536','e37a9f44413f30f1c28128cd465db4ec.jpg','/img/artwork/e37a9f44413f30f1c28128cd465db4ec.jpg','VIVA!',32),(50,'Pin by Chris Davis on My Art in 2021 | Art, Painting, Artwork','197ffbf328fda9b55ab16d0922ac3974.jpg','2022-02-17 20:34:33.643070','197ffbf328fda9b55ab16d0922ac3974.jpg','/img/artwork/197ffbf328fda9b55ab16d0922ac3974.jpg','Pin b',32),(51,'Ed Chesnovitch – Left Bank Gallery | Painting, Art institute of pittsburgh, Abstract artwork','2fab6d2fc6ea1c014c36febba8d9064f.jpg','2022-02-17 22:04:42.260905','2fab6d2fc6ea1c014c36febba8d9064f.jpg','/img/artwork/2fab6d2fc6ea1c014c36febba8d9064f.jpg','Ed Ch',36),(52,'\'The Source\' 2016 | Abstract artwork, Artwork, Abstract','10e2a926d42c8b35b1fe39609743bdec.jpg','2022-02-17 22:04:43.082534','10e2a926d42c8b35b1fe39609743bdec.jpg','/img/artwork/10e2a926d42c8b35b1fe39609743bdec.jpg','\'The ',36),(53,'Pin by id 1337 on warriors | Historical artwork, Chinese artwork, Qing dynasty painting','6236b72706250fe1e0698635dc42d22e.jpg','2022-02-17 22:04:43.482309','6236b72706250fe1e0698635dc42d22e.jpg','/img/artwork/6236b72706250fe1e0698635dc42d22e.jpg','Pin b',36),(54,'Gentle Heart in 2022 | Abstract artwork, Prints, Painting','57be97cfbb03f5f812b05bb58d26d722.jpg','2022-02-17 22:04:43.845648','57be97cfbb03f5f812b05bb58d26d722.jpg','/img/artwork/57be97cfbb03f5f812b05bb58d26d722.jpg','Gentl',36),(55,'Pin by R. Sh. on Art 2 | Painting, Artwork, Artsy','40e09437cf412380e6614fda45ffccba.jpg','2022-02-17 22:04:44.120635','40e09437cf412380e6614fda45ffccba.jpg','/img/artwork/40e09437cf412380e6614fda45ffccba.jpg','Pin b',36),(56,'IMG_0694.JPG | CCAE faculty artwork in Vogt Studio. | Will McMillan | Flickr IMG_0694.JPG','ef313a9ae476715e77b2012826f4f8ba.jpg','2022-02-17 22:04:44.509766','ef313a9ae476715e77b2012826f4f8ba.jpg','/img/artwork/ef313a9ae476715e77b2012826f4f8ba.jpg','IMG_0',36),(57,'Pin by Anne Bunch on Art by Anne | Painting, Artwork, Art','69d35be065dd3ba253e4785042642b8a.jpg','2022-02-17 22:04:44.924388','69d35be065dd3ba253e4785042642b8a.jpg','/img/artwork/69d35be065dd3ba253e4785042642b8a.jpg','Pin b',36),(58,'Eduardo Monteagudo - Abstract Artist Gallery | Painting, Colorful artwork, Art','73d874c9ddb6c2675b7283ebcf10cea1.jpg','2022-02-17 22:04:46.078501','73d874c9ddb6c2675b7283ebcf10cea1.jpg','/img/artwork/73d874c9ddb6c2675b7283ebcf10cea1.jpg','Eduar',36),(59,'Pin på Artwork Students','67e94321c80fe66c2ef49c6e4b79035e.jpg','2022-02-17 22:04:46.474103','67e94321c80fe66c2ef49c6e4b79035e.jpg','/img/artwork/67e94321c80fe66c2ef49c6e4b79035e.jpg','Pin p',36),(60,'Pin by Diane Lombard on THINGS I HAVE MADE | Abstract artwork, Drawings, Painting','558a83836c14d691baec701daefbea08.jpg','2022-02-17 22:04:46.799474','558a83836c14d691baec701daefbea08.jpg','/img/artwork/558a83836c14d691baec701daefbea08.jpg','Pin b',36),(61,'UNTITLED m516 | Painting, Oil painting for sale, Signed artwork','961fba5bc4114f88725d882f87006be1.jpg','2022-02-17 22:41:58.329636','961fba5bc4114f88725d882f87006be1.jpg','/img/artwork/961fba5bc4114f88725d882f87006be1.jpg','UNTIT',38),(62,'Narrow Cross, 48″H x 24″W, mixed media on wood | Painting, Koi fish, Abstract artwork','156ac26b6065bb4cfe61aedf240edf68.jpg','2022-02-17 22:41:58.879510','156ac26b6065bb4cfe61aedf240edf68.jpg','/img/artwork/156ac26b6065bb4cfe61aedf240edf68.jpg','Narro',38),(63,'Artwork by Everett Shinn, Circus, Made of gouache on paper | Circus art, Artwork, Ashcan school','3aab39301349935aa82da037f7dbee63.jpg','2022-02-17 22:41:59.227718','3aab39301349935aa82da037f7dbee63.jpg','/img/artwork/3aab39301349935aa82da037f7dbee63.jpg','Artwo',38),(64,'Pin by Akash Sonkar on Aaaaaaan | Starry night, Painting, Artwork','1d139bad29677f73970af63d7d982cbd.jpg','2022-02-17 22:41:59.745802','1d139bad29677f73970af63d7d982cbd.jpg','/img/artwork/1d139bad29677f73970af63d7d982cbd.jpg','Pin b',38),(65,'Always Will Be Canvas Print / Canvas Art by Claire Desjardins in 2021 | Painting, Artwork, Abstract','078411c0fa490fdfb257395a859e8d8a.jpg','2022-02-17 22:42:00.110366','078411c0fa490fdfb257395a859e8d8a.jpg','/img/artwork/078411c0fa490fdfb257395a859e8d8a.jpg','Alway',38),(66,'The First Animals by Franz Marc,16x12(A3) Poster in 2021 | Popular paintings, Franz marc, Vintage a','32a6cd75e7c34a3e123caeba786ff2f4.jpg','2022-02-17 22:42:00.455731','32a6cd75e7c34a3e123caeba786ff2f4.jpg','/img/artwork/32a6cd75e7c34a3e123caeba786ff2f4.jpg','The F',38),(67,'Pin by Ali Carter on Landscape/nature art in 2022 | Nature art, Abstract artwork, Art','2bd734d829133dfbee8e4274e6129efd.jpg','2022-02-17 22:42:00.768185','2bd734d829133dfbee8e4274e6129efd.jpg','/img/artwork/2bd734d829133dfbee8e4274e6129efd.jpg','Pin b',38),(68,'Pin by Helen Bird on artyfarty in 2021 | Painting, Artwork, Abstract | Abstract, Artwork, Painting','467736e0d6fba69c2ec1f8e056be0824.jpg','2022-02-17 22:42:01.060728','467736e0d6fba69c2ec1f8e056be0824.jpg','/img/artwork/467736e0d6fba69c2ec1f8e056be0824.jpg','Pin b',38),(69,'Student Artwork | Pinterest','584076a410332b73f9391e6ab1b8cbdb.jpg','2022-02-17 22:42:01.516393','584076a410332b73f9391e6ab1b8cbdb.jpg','/img/artwork/584076a410332b73f9391e6ab1b8cbdb.jpg','Stude',38),(70,'Sweet Escape in 2022 | Oil pastel, Artwork, Painting','6a5ff9210a33b8e41a184795a4febba2.jpg','2022-02-17 22:42:01.548328','6a5ff9210a33b8e41a184795a4febba2.jpg','/img/artwork/6a5ff9210a33b8e41a184795a4febba2.jpg','Sweet',38),(71,'「Peanuts T. Everhart Artwork」おしゃれまとめの人気アイデア｜Pinterest｜Kris Dee','2684ccbb6ed92470377b017abb8d38eb.jpg','2022-02-17 22:42:01.836527','2684ccbb6ed92470377b017abb8d38eb.jpg','/img/artwork/2684ccbb6ed92470377b017abb8d38eb.jpg','「Pean',38),(72,'Kylie Lee Baker (@KylieYamashiro) / Twitter in 2022 | Artwork, Illustration art, Fantasy art','2185af1bdbc0d7f488a33de986859120.jpg','2022-02-17 22:42:02.343697','2185af1bdbc0d7f488a33de986859120.jpg','/img/artwork/2185af1bdbc0d7f488a33de986859120.jpg','Kylie',38),(73,'Fruited Tasty and Enjoyable Small Oil Painting on Canvas | Etsy in 2022 | Oil painting on canvas, P','7d46e263ac00de7ad90425c4858ac291.jpg','2022-02-17 22:42:02.653409','7d46e263ac00de7ad90425c4858ac291.jpg','/img/artwork/7d46e263ac00de7ad90425c4858ac291.jpg','Fruit',38),(74,'Artwork by Lee Krasner, Untitled, Made of oil on canvas in 2021 | Lee krasner, Abstract expressioni','84994235a72bab4caa433dd85f794199.jpg','2022-02-17 22:42:03.285837','84994235a72bab4caa433dd85f794199.jpg','/img/artwork/84994235a72bab4caa433dd85f794199.jpg','Artwo',38),(75,'Sarfraz Musawir - Sarfraz Musawir | Facebook | Abstract artwork, Watercolor inspiration, Painting','8f71ac863544eb13c618df321014d9ad.jpg','2022-02-17 22:42:03.733124','8f71ac863544eb13c618df321014d9ad.jpg','/img/artwork/8f71ac863544eb13c618df321014d9ad.jpg','Sarfr',38),(76,'Pin by Elise p.m. on Art | Art inspiration, Artwork, Painting','4b35b29d127c85ae91ede46a3fd42c11.jpg','2022-02-17 22:42:04.126038','4b35b29d127c85ae91ede46a3fd42c11.jpg','/img/artwork/4b35b29d127c85ae91ede46a3fd42c11.jpg','Pin b',38),(77,'Style your home with artwork by Dionne Woods, artist and instructor Aka The Turquoise Iris | Pinter','4c0e160ec41e8eae2750b2e8f1ff3437.jpg','2022-02-17 22:42:04.305432','4c0e160ec41e8eae2750b2e8f1ff3437.jpg','/img/artwork/4c0e160ec41e8eae2750b2e8f1ff3437.jpg','Style',38),(78,'Artwork by one of country\'s most notorious killers for sale - NZ Herald Artwork by notorious killer','e64bc96009e7a4ffe3031086d0564243.jpg','2022-02-17 22:42:05.921279','e64bc96009e7a4ffe3031086d0564243.jpg','/img/artwork/e64bc96009e7a4ffe3031086d0564243.jpg','Artwo',38),(79,'Pin by dietrich doerp on Art Work - Inga-Charlotte | Artwork, Painting, Art','cdc3fbff653397b55f7151ae15a8ed52.jpg','2022-02-17 22:42:06.379626','cdc3fbff653397b55f7151ae15a8ed52.jpg','/img/artwork/cdc3fbff653397b55f7151ae15a8ed52.jpg','Pin b',38),(80,'studio artwork | Spacecraft Studio & Stores Melbourne','3376136d11aeb4d0d2e82f507f600237.jpg','2022-02-17 22:42:06.773131','3376136d11aeb4d0d2e82f507f600237.jpg','/img/artwork/3376136d11aeb4d0d2e82f507f600237.jpg','studi',38),(81,'Sue Atkinson. Snowy Playground. Oil. H.40 x W.50cm | Landscape paintings, Artwork, Painting','0cc7077f61f266215484c37eb9b4ddbd.jpg','2022-02-17 22:42:07.556760','0cc7077f61f266215484c37eb9b4ddbd.jpg','/img/artwork/0cc7077f61f266215484c37eb9b4ddbd.jpg','Sue A',38),(82,'Leonardas Cerniauskas #painting | Buy original art, Art gallery, Cool artwork','c8cec805001d13f98765babba244f091.jpg','2022-02-17 22:42:08.004247','c8cec805001d13f98765babba244f091.jpg','/img/artwork/c8cec805001d13f98765babba244f091.jpg','Leona',38),(83,'Pin by Matt Horan on Glitches in 2021 | Abstract artwork, Artwork, Painting','e0a550a3e7046c7ed6ff3810de74d32f.jpg','2022-02-17 22:42:08.673706','e0a550a3e7046c7ed6ff3810de74d32f.jpg','/img/artwork/e0a550a3e7046c7ed6ff3810de74d32f.jpg','Pin b',38),(84,'Calliope Muse of Epic Poetry, Cloth, Plaster, Acrylic, Enamel & Pigment on canvas, 40 x 50 in | Mix','afeab31d4a049cf5f731906cdbafcfc7.jpg','2022-02-17 22:42:09.019728','afeab31d4a049cf5f731906cdbafcfc7.jpg','/img/artwork/afeab31d4a049cf5f731906cdbafcfc7.jpg','Calli',38),(85,'Gallery - Park West Gallery | Large oil painting, Artwork, Painting','af7ea26e37a09d0b22c4be7e3d684d9b.jpg','2022-02-17 22:42:09.279833','af7ea26e37a09d0b22c4be7e3d684d9b.jpg','/img/artwork/af7ea26e37a09d0b22c4be7e3d684d9b.jpg','Galle',38),(86,'Pin by Olivia on Art & Writing in 2021 | Painting, Art, Artwork','30747851fd7c143c2608c1f57d627d00.jpg','2022-02-17 22:42:09.677650','30747851fd7c143c2608c1f57d627d00.jpg','/img/artwork/30747851fd7c143c2608c1f57d627d00.jpg','Pin b',38),(87,'ROSSOCINABRO | available works | Ann Palmer | Abstract artwork, Artwork, Stretch canvas','594c26fda26e3b381cf40fdd52b9c9fe.jpg','2022-02-17 22:42:10.056412','594c26fda26e3b381cf40fdd52b9c9fe.jpg','/img/artwork/594c26fda26e3b381cf40fdd52b9c9fe.jpg','ROSSO',38),(88,'yellowmenace | Filipino art, Artist, Artwork','e107b356658f4c28b0bdfd9d2d989674.jpg','2022-02-17 22:42:10.687492','e107b356658f4c28b0bdfd9d2d989674.jpg','/img/artwork/e107b356658f4c28b0bdfd9d2d989674.jpg','yello',38),(89,'\"The World in April I\" Original Painting by Meredith Pardue | Art, Painting, Abstract artwork','aa2733b6483548796a4f0267f1ee9476.jpg','2022-02-17 22:42:11.033893','aa2733b6483548796a4f0267f1ee9476.jpg','/img/artwork/aa2733b6483548796a4f0267f1ee9476.jpg','\"The ',38),(90,'Ginger Wilson | Wilson art, Creative artwork, Art','ad84ddd74e3fa0858922b9ffe579da64.jpg','2022-02-17 22:42:11.410507','ad84ddd74e3fa0858922b9ffe579da64.jpg','/img/artwork/ad84ddd74e3fa0858922b9ffe579da64.jpg','Ginge',38),(91,'Mgarr Harbour | Abstract artwork, Art, Painting','c3ddf3373c755873566fd8056a638e99.jpg','2022-02-17 22:42:11.763527','c3ddf3373c755873566fd8056a638e99.jpg','/img/artwork/c3ddf3373c755873566fd8056a638e99.jpg','Mgarr',38),(92,'#abstract #abstractart #painting #art #artistwork #modernart #illustration #wavy #lines #stains #co','284f1825a21216936671697c28f49992.jpg','2022-02-17 22:42:12.073202','284f1825a21216936671697c28f49992.jpg','/img/artwork/284f1825a21216936671697c28f49992.jpg','#abst',38),(93,'La casa dell \'Aquila | Fluid acrylic painting, Painting, Abstract artwork','9a2769f6a3b7cf67959adfe3207a180a.jpg','2022-02-17 22:42:12.720670','9a2769f6a3b7cf67959adfe3207a180a.jpg','/img/artwork/9a2769f6a3b7cf67959adfe3207a180a.jpg','La ca',38),(94,'Artwork Gallery for Dykah -- Fur Affinity [dot] net','d4ede7b200494aa32d2d522a7a071c90.jpg','2022-02-17 22:42:13.455927','d4ede7b200494aa32d2d522a7a071c90.jpg','/img/artwork/d4ede7b200494aa32d2d522a7a071c90.jpg','Artwo',38),(95,'Lit by Jean Lee Cauthen | Artwork Archive in 2021 | North carolina artists, Artwork, Art inspiration','b57434737b08e4e2dec12a36a76ce062.jpg','2022-02-17 22:42:14.005236','b57434737b08e4e2dec12a36a76ce062.jpg','/img/artwork/b57434737b08e4e2dec12a36a76ce062.jpg','Lit b',38),(96,'Artwork by Brian Wildsmith can be viewed online: www.illustrationcupboard.com','49169675b5c7a6d5aaf2e0b96e1950ad.jpg','2022-02-17 22:42:14.473220','49169675b5c7a6d5aaf2e0b96e1950ad.jpg','/img/artwork/49169675b5c7a6d5aaf2e0b96e1950ad.jpg','Artwo',38),(97,'Ebb & Flow | Leah Thiessen in 2021 | Artwork, Natural science art, Artwork painting','77a148b02488a497a0e74ef337a88ec8.jpg','2022-02-17 22:42:14.966977','77a148b02488a497a0e74ef337a88ec8.jpg','/img/artwork/77a148b02488a497a0e74ef337a88ec8.jpg','Ebb &',38),(98,'abstraction | Modern artwork abstract, Abstract art wallpaper, Abstract','9f200e8c7d0446c4265a9b6d01501200.jpg','2022-02-17 22:42:15.354453','9f200e8c7d0446c4265a9b6d01501200.jpg','/img/artwork/9f200e8c7d0446c4265a9b6d01501200.jpg','abstr',38),(99,'Artwork by Julie Weber at Coroflot.com Artwork','985f97078f7807ded696a065f6225ff0.jpg','2022-02-17 22:42:16.845042','985f97078f7807ded696a065f6225ff0.jpg','/img/artwork/985f97078f7807ded696a065f6225ff0.jpg','Artwo',38),(100,'Artwork by Aleksander Pohl at Coroflot.com Artwork','4ffb2fa376e273800103bab62176d53c.jpg','2022-02-17 22:42:18.225181','4ffb2fa376e273800103bab62176d53c.jpg','/img/artwork/4ffb2fa376e273800103bab62176d53c.jpg','Artwo',38),(101,'titsay ? on Twitter | Art, Painting, Artwork','314a876626027d26b2147e2d69346756.jpg','2022-02-17 22:42:18.741075','314a876626027d26b2147e2d69346756.jpg','/img/artwork/314a876626027d26b2147e2d69346756.jpg','titsa',38),(102,'Tumblr | Art inspiration, Illustration, Artwork','9251545e25b1e0aab545fdee3b366f20.jpg','2022-02-17 22:42:19.099733','9251545e25b1e0aab545fdee3b366f20.jpg','/img/artwork/9251545e25b1e0aab545fdee3b366f20.jpg','Tumbl',38),(103,'- Blog featuring the original artwork of Angus Wilson.','9cdf3bd771df0951c40b4ebc0be5985f.jpg','2022-02-17 22:42:19.357416','9cdf3bd771df0951c40b4ebc0be5985f.jpg','/img/artwork/9cdf3bd771df0951c40b4ebc0be5985f.jpg','- Blo',38),(104,'Rose Painting | Painting, Rose painting, Artwork painting','55af1191b1f177663024706cafbf1fb3.jpg','2022-02-17 22:42:19.922483','55af1191b1f177663024706cafbf1fb3.jpg','/img/artwork/55af1191b1f177663024706cafbf1fb3.jpg','Rose ',38),(105,'Sascha Missfeldt’s Instagram photo: “untitled, 2020, acryl on canvas 50 x 40cm . . . . . #saschamis','ff252f1ab67a050b3d23a1fb617d9a94.jpg','2022-02-17 22:42:20.363525','ff252f1ab67a050b3d23a1fb617d9a94.jpg','/img/artwork/ff252f1ab67a050b3d23a1fb617d9a94.jpg','Sasch',38),(106,'Bedford artwork that will make you want to \'look up\' - BBC News Bedford artwork that will make you ','59c61681b74748614d77775caa48efb1.jpg','2022-02-17 22:42:21.695477','59c61681b74748614d77775caa48efb1.jpg','/img/artwork/59c61681b74748614d77775caa48efb1.jpg','Bedfo',38),(107,'Pin by Nettie Atkisson on Audrey | Abstract, Abstract artwork, Artwork','9460accc1fa5603c1826dc6050cf19a1.jpg','2022-02-17 22:42:22.134377','9460accc1fa5603c1826dc6050cf19a1.jpg','/img/artwork/9460accc1fa5603c1826dc6050cf19a1.jpg','Pin b',38),(108,'Beautiful Friend...2009...acrylic | Artwork, Art, Painting','23b3948d5fb4ffb6753de5260503fc90.jpg','2022-02-17 22:42:22.524010','23b3948d5fb4ffb6753de5260503fc90.jpg','/img/artwork/23b3948d5fb4ffb6753de5260503fc90.jpg','Beaut',38),(109,'Artwork by Joyce Owens | Vibrant art, Art, Art event','eeb93ab45fa8a25fb766958919bb159f.jpg','2022-02-17 22:42:22.928236','eeb93ab45fa8a25fb766958919bb159f.jpg','/img/artwork/eeb93ab45fa8a25fb766958919bb159f.jpg','Artwo',38),(110,'Colorful Glitch Artwork Made from Screenshots of Tinder Profiles','9bf326bef857864c8b7d5f9acf384727.jpg','2022-02-17 22:42:23.736779','9bf326bef857864c8b7d5f9acf384727.jpg','/img/artwork/9bf326bef857864c8b7d5f9acf384727.jpg','Color',38),(111,'Larisa Aukon. Jazz in the Background_20 x 32_oil. Paul Scott Gallery | Painting, Artwork, Artist in','de79291357f54396ecf681fa25620a53.jpg','2022-02-17 22:42:24.064238','de79291357f54396ecf681fa25620a53.jpg','/img/artwork/de79291357f54396ecf681fa25620a53.jpg','Laris',38),(112,'Jennifer A McChristian, preliminary study | Painting, Artist inspiration, Artwork','52a3fba4d46cc9402572313dc088a0bb.jpg','2022-02-17 22:42:24.520667','52a3fba4d46cc9402572313dc088a0bb.jpg','/img/artwork/52a3fba4d46cc9402572313dc088a0bb.jpg','Jenni',38),(113,'Pin på Artwork','c3a0df692878da1a05e7e1dcabdb60d3.jpg','2022-02-17 22:42:24.900998','c3a0df692878da1a05e7e1dcabdb60d3.jpg','/img/artwork/c3a0df692878da1a05e7e1dcabdb60d3.jpg','Pin p',38),(114,'@oishi.art on instagram | Whimsical garden, Art, Artwork','d61a7435900921ad1d9ef692d81865eb.jpg','2022-02-17 22:42:25.555085','d61a7435900921ad1d9ef692d81865eb.jpg','/img/artwork/d61a7435900921ad1d9ef692d81865eb.jpg','@oish',38),(115,'Pin by ARTDHE | art promotion | on Ilir Butka paintings | Artwork, Painting, Abstract','023fd31592f71b38cf6ddc15a1a6f16a.jpg','2022-02-17 22:42:26.091706','023fd31592f71b38cf6ddc15a1a6f16a.jpg','/img/artwork/023fd31592f71b38cf6ddc15a1a6f16a.jpg','Pin b',38),(116,'MEG WALTERS meg walters in 2021 | Mixed media canvas, Original artwork, Oil on canvas','430cd407fafa5201cf64b1820887c2d9.jpg','2022-02-17 22:42:26.759255','430cd407fafa5201cf64b1820887c2d9.jpg','/img/artwork/430cd407fafa5201cf64b1820887c2d9.jpg','MEG W',38),(117,'Coral Reef | Artwork, Art, Starry night','673a45636997a90380cb535be70ec29a.jpg','2022-02-17 22:42:27.174073','673a45636997a90380cb535be70ec29a.jpg','/img/artwork/673a45636997a90380cb535be70ec29a.jpg','Coral',38),(118,'Margau, artiste LSDM Fantome 1 30 x 30 // 630 $ http://lasalledemontre.com/margau-1/fantme-1 | Abst','c1907c5e5679a70f3b6d508d59bb595c.jpg','2022-02-17 22:42:27.519697','c1907c5e5679a70f3b6d508d59bb595c.jpg','/img/artwork/c1907c5e5679a70f3b6d508d59bb595c.jpg','Marga',38),(119,'Pin by CC Buni on My Art | Artwork, Abstract, Painting','2182cb1f6c905d899a5b327d0d6f0140.jpg','2022-02-17 22:42:28.342076','2182cb1f6c905d899a5b327d0d6f0140.jpg','/img/artwork/2182cb1f6c905d899a5b327d0d6f0140.jpg','Pin b',38),(120,'岡本太郎 作品集 1961年 | New york art, Abstract artwork, Painting','fa6fac47ca2e6b00913f26c008865866.jpg','2022-02-17 22:42:28.758277','fa6fac47ca2e6b00913f26c008865866.jpg','/img/artwork/fa6fac47ca2e6b00913f26c008865866.jpg','岡本太郎 ',38),(121,'Pin by Dana Grimm on Maureens Art | Abstract artwork, Art, Abstract','56cbbc6eccce549b52eb3c55216d838c.jpg','2022-02-17 22:42:29.109009','56cbbc6eccce549b52eb3c55216d838c.jpg','/img/artwork/56cbbc6eccce549b52eb3c55216d838c.jpg','Pin b',38),(122,'Geoffrey Gordon, Sweat the Technique: Agender | This artwork… | Flickr Geoffrey Gordon, Sweat the T','61131e1c8f1a20b016b62bbd5cb86a45.jpg','2022-02-17 22:42:29.188814','61131e1c8f1a20b016b62bbd5cb86a45.jpg','/img/artwork/61131e1c8f1a20b016b62bbd5cb86a45.jpg','Geoff',38),(123,'\'Dua Lipa\' Poster by Alex Mann | Displate in 2021 | Cool artwork, Artwork, Print artist','979d8279400f28b52dd9b5e422321a63.jpg','2022-02-17 22:42:29.817149','979d8279400f28b52dd9b5e422321a63.jpg','/img/artwork/979d8279400f28b52dd9b5e422321a63.jpg','\'Dua ',38),(124,'Pin by Aleksandr Gončarov on Art | Abstract, Artwork, Abstract artwork','29524f9b6e694a46fa43952022c70485.jpg','2022-02-17 22:42:30.184856','29524f9b6e694a46fa43952022c70485.jpg','/img/artwork/29524f9b6e694a46fa43952022c70485.jpg','Pin b',38),(125,'Still Life Canvas Print - https://ift.tt/2NFkNd0  #canvasprint #walldecor #homedecor #artprint #int','8db9938967026dbbecc401b2280ab991.jpg','2022-02-17 22:42:30.483294','8db9938967026dbbecc401b2280ab991.jpg','/img/artwork/8db9938967026dbbecc401b2280ab991.jpg','Still',38),(126,'Marc Schimsky, The Gardner | This artwork is featured in the… | Flickr Marc Schimsky, The Gardner','801c9545ff5bf81f3e762d794dfd003b.jpg','2022-02-17 22:42:30.500923','801c9545ff5bf81f3e762d794dfd003b.jpg','/img/artwork/801c9545ff5bf81f3e762d794dfd003b.jpg','Marc ',38),(127,'Artist: Vahe Yeremyan Work: Original Oil Painting, Handmade Artwork, One of a Kind Medium: Oil on C','a740418a134386b7fd2458e2f47b41f3.jpg','2022-02-17 22:42:31.052427','a740418a134386b7fd2458e2f47b41f3.jpg','/img/artwork/a740418a134386b7fd2458e2f47b41f3.jpg','Artis',38),(128,'“Blue Woodpecker\", ACEO, acrylic paint pour, varnished, 246 lb. acrylic paper  | eBay | Painting, A','626ad68f20fdfc6dfa6b78cf00d450bd.jpg','2022-02-17 22:42:31.399629','626ad68f20fdfc6dfa6b78cf00d450bd.jpg','/img/artwork/626ad68f20fdfc6dfa6b78cf00d450bd.jpg','“Blue',38),(129,'Rainbow | Resin artwork, Artwork, Art','6357e4353e33800aa0e3bc50b1c1258a.jpg','2022-02-17 22:42:31.916177','6357e4353e33800aa0e3bc50b1c1258a.jpg','/img/artwork/6357e4353e33800aa0e3bc50b1c1258a.jpg','Rainb',38),(130,'Leroy Neiman elephant Charge CUSTOM FRAMED ART | Etsy in 2021 | Custom framed art, Sale artwork, An','c834e47dd8f98701e044821d38055c08.jpg','2022-02-17 22:42:32.148906','c834e47dd8f98701e044821d38055c08.jpg','/img/artwork/c834e47dd8f98701e044821d38055c08.jpg','Leroy',38),(131,'Paul Wuensche - 1 Artwork, Bio & Shows on Artsy','c75453b94c1b1bb1e153a4188adfb194.jpg','2022-02-17 22:42:32.187775','c75453b94c1b1bb1e153a4188adfb194.jpg','/img/artwork/c75453b94c1b1bb1e153a4188adfb194.jpg','Paul ',38),(132,'\"life in the big city\" 24 X 30 inches $350 SOLD | Beautiful abstract painting, Sale artwork, Painti','de125c63a73f937cc52b62e5fd9ebc6f.jpg','2022-02-17 22:42:32.526557','de125c63a73f937cc52b62e5fd9ebc6f.jpg','/img/artwork/de125c63a73f937cc52b62e5fd9ebc6f.jpg','\"life',38),(133,'unded Sailors Watching a Play by Jan (Godfrey Jervis) Gordon,16x12(A3) Poster | Vintage artwork, Ar','d8c6b68a31c0201f25d4489d204bc4a0.jpg','2022-02-17 22:42:33.370713','d8c6b68a31c0201f25d4489d204bc4a0.jpg','/img/artwork/d8c6b68a31c0201f25d4489d204bc4a0.jpg','unded',38),(134,'Victoria Vaya \"Janis\" Technique mixte sur Alu-Dibond 60 x 60 cm  #art #artist #artistic #artists #a','fc5851e822f7ea7eaf718a93d9952aaa.jpg','2022-02-17 22:42:33.691394','fc5851e822f7ea7eaf718a93d9952aaa.jpg','/img/artwork/fc5851e822f7ea7eaf718a93d9952aaa.jpg','Victo',38),(135,'Cool – Erica Hawkes | Art painting, Landscape artwork, Landscape art','3e9e1365a114e5052e2e5c7fd83dd019.jpg','2022-02-17 22:42:33.924204','3e9e1365a114e5052e2e5c7fd83dd019.jpg','/img/artwork/3e9e1365a114e5052e2e5c7fd83dd019.jpg','Cool ',38),(136,'— yuumei-art: Breakthrough and Regrow~ | Romantic art, Artwork, Pretty art','80751d2be8e378b7a190e59d2fdc2847.jpg','2022-02-17 22:42:34.122379','80751d2be8e378b7a190e59d2fdc2847.jpg','/img/artwork/80751d2be8e378b7a190e59d2fdc2847.jpg','— yuu',38),(137,'This Land is Your Land | Abstract, Artwork, Painting','460e24aab1da62b797b676bed9f37ffc.jpg','2022-02-17 22:42:35.059815','460e24aab1da62b797b676bed9f37ffc.jpg','/img/artwork/460e24aab1da62b797b676bed9f37ffc.jpg','This ',38),(138,'Mia Muratori - 1 Artwork, Bio & Shows on Artsy','a0e36ea75d782139fde7cb6d453947ac.jpg','2022-02-17 22:42:35.111748','a0e36ea75d782139fde7cb6d453947ac.jpg','/img/artwork/a0e36ea75d782139fde7cb6d453947ac.jpg','Mia M',38),(139,'Galaxy | Painting, Abstract artwork, Artwork','0223455ac0d9c1d937860680b5767e83.jpg','2022-02-17 22:42:35.552127','0223455ac0d9c1d937860680b5767e83.jpg','/img/artwork/0223455ac0d9c1d937860680b5767e83.jpg','Galax',38),(140,'Contemporary Art Painting | Unique | Trending Artwork | “Purple Rain”| by Simone Braun Art Studio |','2cfab6e0076677362ced786c0ef85594.jpg','2022-02-17 22:42:36.176258','2cfab6e0076677362ced786c0ef85594.jpg','/img/artwork/2cfab6e0076677362ced786c0ef85594.jpg','Conte',38),(141,'Artwork by Dionne Woods | Pinterest','651a0c97cdac6c3c94d78e67b5689996.jpg','2022-02-17 22:42:36.499065','651a0c97cdac6c3c94d78e67b5689996.jpg','/img/artwork/651a0c97cdac6c3c94d78e67b5689996.jpg','Artwo',38),(142,'@NK41549528 on Twitter | Artwork, Kagome higurashi, Anime','b6cef102e0f1eddf14b77c448c560ab4.jpg','2022-02-17 22:42:37.253443','b6cef102e0f1eddf14b77c448c560ab4.jpg','/img/artwork/b6cef102e0f1eddf14b77c448c560ab4.jpg','@NK41',38),(143,'遊樂園 / NRJ. @iris. nrj | Painting, Oil painting, Abstract artwork','143d71972fbcfbbcb3b3ef799331e175.jpg','2022-02-17 22:42:37.903400','143d71972fbcfbbcb3b3ef799331e175.jpg','/img/artwork/143d71972fbcfbbcb3b3ef799331e175.jpg','遊樂園 /',38),(144,'Dietmar Woelfl on Instagram: “???...finished artwork!!! 200 x 170 mixed media on canvas @dietmar','e49b17bb12839dde7c0e7c98971dfb4d.jpg','2022-02-17 22:42:38.246950','e49b17bb12839dde7c0e7c98971dfb4d.jpg','/img/artwork/e49b17bb12839dde7c0e7c98971dfb4d.jpg','Dietm',38),(145,'明豐 徐 - 1 Artwork, Bio & Shows on Artsy','42dc439b563dac47531170f3b80d9811.jpg','2022-02-17 22:42:38.271508','42dc439b563dac47531170f3b80d9811.jpg','/img/artwork/42dc439b563dac47531170f3b80d9811.jpg','明豐 徐 ',38),(146,'Pin by Shiquera Chappell on 4 the love of ART | Art, Painting, Artwork','4a9ebb6c092b47587bcc2e7157321e65.jpg','2022-02-17 22:42:38.688556','4a9ebb6c092b47587bcc2e7157321e65.jpg','/img/artwork/4a9ebb6c092b47587bcc2e7157321e65.jpg','Pin b',38),(147,'Pin by McRay Studios on Art by Eric McRay. Visit ericmcray.com | Abstract artwork, Painting, Art','8565e12d02b14d176c1487dc82f80939.jpg','2022-02-17 22:42:39.261931','8565e12d02b14d176c1487dc82f80939.jpg','/img/artwork/8565e12d02b14d176c1487dc82f80939.jpg','Pin b',38),(148,'ARTISTIC QUIBBLE |   Liliana Rossini | Abstract artwork, Artist, Abstract','86c93f8a6350d08d98163f34327a0245.jpg','2022-02-17 22:42:39.671445','86c93f8a6350d08d98163f34327a0245.jpg','/img/artwork/86c93f8a6350d08d98163f34327a0245.jpg','ARTIS',38),(149,'Pink Sand | vethomsonart.com | Painting, Oil painting, Figurative artwork','8b353ddfc360542acf0f38b846061cb3.jpg','2022-02-17 22:42:40.120777','8b353ddfc360542acf0f38b846061cb3.jpg','/img/artwork/8b353ddfc360542acf0f38b846061cb3.jpg','Pink ',38),(150,'Birch Canvas Art Print Forest Artwork by Leonid Afremov | Etsy | Forest painting, Painting, Autumn ','8749b82726a9945012ca53cfba74ee22.jpg','2022-02-17 22:42:40.467629','8749b82726a9945012ca53cfba74ee22.jpg','/img/artwork/8749b82726a9945012ca53cfba74ee22.jpg','Birch',38),(151,'Pin on Tom\'s Artwork - 2016','95cc6babb41d905931692b39edbb495d.jpg','2022-02-17 22:42:41.011580','95cc6babb41d905931692b39edbb495d.jpg','/img/artwork/95cc6babb41d905931692b39edbb495d.jpg','Pin o',38),(152,'동물 그림 캔버스 유화 삽화 방 장식 손으로 그린   세 거짓말 양  196 : 원스플레이스WSPLACE','e004d0e2bc7bd66709de9df5a2d28c93.jpg','2022-02-17 22:42:41.096591','e004d0e2bc7bd66709de9df5a2d28c93.jpg','/img/artwork/e004d0e2bc7bd66709de9df5a2d28c93.jpg','동물 그림',38),(153,'Pin by The Spicy Rabbit on My Work | Canvas frame, Artwork, Art','baea87cd780ec8e90ae731c5db865a4b.jpg','2022-02-17 22:42:41.659738','baea87cd780ec8e90ae731c5db865a4b.jpg','/img/artwork/baea87cd780ec8e90ae731c5db865a4b.jpg','Pin b',38),(154,'Spain Wall Art Print Sitges Artwork on Canvas by Leonid | Etsy in 2021 | Oil painting on canvas, Ca','d6cdae8e907f55ce7e2750f11e899d06.jpg','2022-02-17 22:42:42.053020','d6cdae8e907f55ce7e2750f11e899d06.jpg','/img/artwork/d6cdae8e907f55ce7e2750f11e899d06.jpg','Spain',38),(155,'Pin by Bound-Oxygen-Products Business on Art For Fun | Art, Artwork, Disney characters','0dc3081f99e16fa4ecda0828104ee041.jpg','2022-02-17 22:42:42.500115','0dc3081f99e16fa4ecda0828104ee041.jpg','/img/artwork/0dc3081f99e16fa4ecda0828104ee041.jpg','Pin b',38),(156,'Surreal human #18 (2019) Pastel drawing by Pavel Kuragin | Pastel drawing, Figurative artwork, Draw','8076a60297c8dc543d123f45788064c8.jpg','2022-02-17 22:42:43.042461','8076a60297c8dc543d123f45788064c8.jpg','/img/artwork/8076a60297c8dc543d123f45788064c8.jpg','Surre',38),(157,'Pin by jocelyne detante on ART | Art, Painting, Artwork','9e5888d3bc377e24d26a379004794715.jpg','2022-02-17 22:42:43.638719','9e5888d3bc377e24d26a379004794715.jpg','/img/artwork/9e5888d3bc377e24d26a379004794715.jpg','Pin b',38),(158,'kate osborne Artist Artwork Gallery, Watercolour, animals, chickens, still life | Animal drawings, ','622ddda7c9af6d6956c964118287a4da.jpg','2022-02-17 22:42:44.021709','622ddda7c9af6d6956c964118287a4da.jpg','/img/artwork/622ddda7c9af6d6956c964118287a4da.jpg','kate ',38),(159,'@amqtaro shared a photo on Instagram: ““Color from you” . . . . . . . . . . . #art #arte # artist #','46874ee0fd67d778f0fba52b1d77ace0.jpg','2022-02-17 22:42:44.564221','46874ee0fd67d778f0fba52b1d77ace0.jpg','/img/artwork/46874ee0fd67d778f0fba52b1d77ace0.jpg','@amqt',38),(160,'MECElizabeth Chapman Artwork in 2021 | Painting inspiration, Modern abstract painting, Artwork','09e7cc88aa330a78a635c8c7775c36e9.jpg','2022-02-17 22:42:45.165601','09e7cc88aa330a78a635c8c7775c36e9.jpg','/img/artwork/09e7cc88aa330a78a635c8c7775c36e9.jpg','MECEl',38),(164,'COOKIE MONSTER DOES THE SCREAM PAINTING | Art parody, Famous artwork, Painting','53ee877efac472cee1d1f9ad4a33b80e.jpg','2022-02-18 01:17:41.105408','53ee877efac472cee1d1f9ad4a33b80e.jpg','/img/artwork/53ee877efac472cee1d1f9ad4a33b80e.jpg','COOKI',32),(165,'Pin by Michelle Shriver on Cross Stitch World | Abstract artwork, Quilt patterns, Painting','77d7c1ec5857db871995ab65baa7becd.jpg','2022-02-18 01:17:41.360351','77d7c1ec5857db871995ab65baa7becd.jpg','/img/artwork/77d7c1ec5857db871995ab65baa7becd.jpg','Pin b',32),(166,'Third Density Triptych Panel II Art Print by Iris Scott | iCanvas | Artwork, Art, Canvas artwork','4bd63bb26cad537872b551643e64e446.jpg','2022-02-18 01:17:41.702037','4bd63bb26cad537872b551643e64e446.jpg','/img/artwork/4bd63bb26cad537872b551643e64e446.jpg','Third',32),(167,'Juju Sun 孙钧钧 (b.1973) No. 1339 (2013) Acrylic on Canvas 布面丙烯 200 x 180cm; 78 7/10 x 70 9/10 in. | A','a94862c5ef758f0ca4cee885f23f8cf3.jpg','2022-02-18 01:17:42.979075','a94862c5ef758f0ca4cee885f23f8cf3.jpg','/img/artwork/a94862c5ef758f0ca4cee885f23f8cf3.jpg','Juju ',32),(168,'Skin Cell Original Artwork | Fine Art America','d4b9e906c70076ad01801fa3e7cae278.jpg','2022-02-18 01:17:43.422823','d4b9e906c70076ad01801fa3e7cae278.jpg','/img/artwork/d4b9e906c70076ad01801fa3e7cae278.jpg','Skin ',32),(169,'The Psychedelic Language of Dreams in a Digital Exhibit | Psychedelic art, Art, Music artwork','875864679817b99725b94801b2ae03e9.jpg','2022-02-18 01:17:43.728010','875864679817b99725b94801b2ae03e9.jpg','/img/artwork/875864679817b99725b94801b2ae03e9.jpg','The P',32),(170,'Lajos Kassak (1887-1967) Abstract. Oil on card, signed with initials. Est: £2,000-£4,000 | Abstract','fc77a861ef141872bd1e00d93b2f9478.jpg','2022-02-18 01:17:44.073188','fc77a861ef141872bd1e00d93b2f9478.jpg','/img/artwork/fc77a861ef141872bd1e00d93b2f9478.jpg','Lajos',32),(171,'Pin by Beata Chajec on Malowanie farbami akrylowymi | Prints, Abstract artwork, Abstract painters','beba5c5d5817c7fffc2ae5a0b7b89bda.jpg','2022-02-18 01:17:44.387888','beba5c5d5817c7fffc2ae5a0b7b89bda.jpg','/img/artwork/beba5c5d5817c7fffc2ae5a0b7b89bda.jpg','Pin b',32),(172,'#flowers #flores By jwhornel_ | Flowers nature, Flowers, Artwork','e320dda1466e88dfe289213efeb67d8a.jpg','2022-02-18 01:17:44.736870','e320dda1466e88dfe289213efeb67d8a.jpg','/img/artwork/e320dda1466e88dfe289213efeb67d8a.jpg','#flow',32),(173,'GALERIE VOSS | Oil on canvas, Voss, Antonio mora artwork','b72a328e3f52c573bb6b0d7836c14712.jpg','2022-02-18 01:17:45.018710','b72a328e3f52c573bb6b0d7836c14712.jpg','/img/artwork/b72a328e3f52c573bb6b0d7836c14712.jpg','GALER',32),(174,'Sweet Little Scenes | Blue Green Purple — Sarah C.B. Guthrie, MFA | Blue green artwork, Purple pain','0abcae123457be8dea520d172aeb00f6.jpg','2022-02-18 01:17:45.362722','0abcae123457be8dea520d172aeb00f6.jpg','/img/artwork/0abcae123457be8dea520d172aeb00f6.jpg','Sweet',32),(175,'whirl: pescadero 16\" x 20 | Painting, Artwork, Abstract','5308fe6333b1a14eacfb1fcb0617573a.jpg','2022-02-18 01:17:45.684176','5308fe6333b1a14eacfb1fcb0617573a.jpg','/img/artwork/5308fe6333b1a14eacfb1fcb0617573a.jpg','whirl',32),(178,'Spanish Terror Oil on canvas board. 61 x 46cm. Lupo Sol 2016 #artwork #artist #figurative #expressi','c2bb912a65a136154bb12e84d6e55da3.jpg','2022-02-18 09:03:50.423546','c2bb912a65a136154bb12e84d6e55da3.jpg','/img/artwork/c2bb912a65a136154bb12e84d6e55da3.jpg','Spani',36),(179,'Carrie Eckert Art - Art Artist, Artwork, Collage, Artist | Fine art america, Contemporary art, Art','7c89c6fadecae4967520ea2a548807d4.jpg','2022-02-18 09:03:50.787323','7c89c6fadecae4967520ea2a548807d4.jpg','/img/artwork/7c89c6fadecae4967520ea2a548807d4.jpg','Carri',36),(180,'Selfportrait\" - painting by @artcarlosdelgado #painting #modernart #artlovers #artwork #abstractart','b05a6c0dfc0efe3988d1e71bac5b2ecc.jpg','2022-02-18 09:03:51.144918','b05a6c0dfc0efe3988d1e71bac5b2ecc.jpg','/img/artwork/b05a6c0dfc0efe3988d1e71bac5b2ecc.jpg','Selfp',36),(181,'UNTITLED 530 | Painting, Oil painting for sale, Signed artwork','37f1ad2e11df05b24935466d3d2f684c.jpg','2022-02-18 09:03:51.635498','37f1ad2e11df05b24935466d3d2f684c.jpg','/img/artwork/37f1ad2e11df05b24935466d3d2f684c.jpg','UNTIT',36),(182,'Pin by Ella Porter on Looking in 2021 | Abstract artwork, Abstract art, Painting','27a8abfdbcd40f4bcb77fbcba6c503c7.jpg','2022-02-18 09:03:51.894090','27a8abfdbcd40f4bcb77fbcba6c503c7.jpg','/img/artwork/27a8abfdbcd40f4bcb77fbcba6c503c7.jpg','Pin b',36),(183,'「Rita Mahon Artwork Portfolio」おしゃれまとめの人気アイデア｜Pinterest｜Rita.Mahon.Artist | カラフルな絵, 絵','3ff222489e75fe15345a6c6e5f2d5104.jpg','2022-02-18 09:03:52.218683','3ff222489e75fe15345a6c6e5f2d5104.jpg','/img/artwork/3ff222489e75fe15345a6c6e5f2d5104.jpg','「Rita',36),(184,'Yuchung Peter Chan Visual Development | Artwork, Visual development, Painting','5326edd6ff6b5b9a541b3345d91812d9.jpg','2022-02-18 09:03:53.301635','5326edd6ff6b5b9a541b3345d91812d9.jpg','/img/artwork/5326edd6ff6b5b9a541b3345d91812d9.jpg','Yuchu',36),(185,'Make me Famous #4 - Original Mixed Media Art (90x110cm) (2018) Acrylic painting by ROCO Studio in 2','e9d2cce0d5b321829cfa683cb756ba8c.jpg','2022-02-18 09:03:53.829769','e9d2cce0d5b321829cfa683cb756ba8c.jpg','/img/artwork/e9d2cce0d5b321829cfa683cb756ba8c.jpg','Make ',36),(186,'John F Kennedy Art Print JFK Artwork President Painting | Etsy | Paintings art prints, Painting, Ar','0d6030218f9152b52f17fed3eea3e667.jpg','2022-02-18 09:03:53.870893','0d6030218f9152b52f17fed3eea3e667.jpg','/img/artwork/0d6030218f9152b52f17fed3eea3e667.jpg','John ',36),(187,'My artwork | Pinterest','6bd4b6d4aaef571285c8f5a1ef722075.jpg','2022-02-18 09:03:54.261875','6bd4b6d4aaef571285c8f5a1ef722075.jpg','/img/artwork/6bd4b6d4aaef571285c8f5a1ef722075.jpg','My ar',36),(188,'E. Picardo - 1 Artwork, Bio & Shows on Artsy','d6601cee721768edf1b64a0e3cfecda6.jpg','2022-02-18 09:03:55.784661','d6601cee721768edf1b64a0e3cfecda6.jpg','/img/artwork/d6601cee721768edf1b64a0e3cfecda6.jpg','E. Pi',36),(189,'Original Artwork for Sale | No. 131 | by Simone Braun Art Studio | Colorful Art for Your Wall | Pin','9044b5f8fd93d4ddd65ae4d5686eacfe.jpg','2022-02-18 09:03:56.484097','9044b5f8fd93d4ddd65ae4d5686eacfe.jpg','/img/artwork/9044b5f8fd93d4ddd65ae4d5686eacfe.jpg','Origi',36),(190,'Pin by debbie kenney on My Saves | Artwork, Abstract artwork, Abstract','799b23e8df99efd339d6e97a294ae7ab.jpg','2022-02-18 09:03:56.921490','799b23e8df99efd339d6e97a294ae7ab.jpg','/img/artwork/799b23e8df99efd339d6e97a294ae7ab.jpg','Pin b',36),(191,'Ghibli background | Ghibli artwork, Studio ghibli background, Anime wallpaper','2dd1b6c8b003dbe6c3ad564f21941441.jpg','2022-02-18 09:03:57.541036','2dd1b6c8b003dbe6c3ad564f21941441.jpg','/img/artwork/2dd1b6c8b003dbe6c3ad564f21941441.jpg','Ghibl',36),(192,'George Condo Archive ?はInstagramを利用しています:「? George Condo ? @tomchauveau #condoarchive #georgecon','a8439324bb2b20edc4ce768aa2a03ffb.jpg','2022-02-18 09:03:57.867221','a8439324bb2b20edc4ce768aa2a03ffb.jpg','/img/artwork/a8439324bb2b20edc4ce768aa2a03ffb.jpg','Georg',36),(193,'Sweet As... Www.hannahkaplan.ca/shop Www.hannahbk.redbubble.com | Painting, Penny candy, Abstract a','0d69b8392d38d081d4590ceb60734815.jpg','2022-02-18 09:03:58.136710','0d69b8392d38d081d4590ceb60734815.jpg','/img/artwork/0d69b8392d38d081d4590ceb60734815.jpg','Sweet',36),(194,'red sunset | Artwork, Art drawings, Art inspiration','bdb785e3e8de831dec6c3e2f92914d21.jpg','2022-02-18 09:03:58.316986','bdb785e3e8de831dec6c3e2f92914d21.jpg','/img/artwork/bdb785e3e8de831dec6c3e2f92914d21.jpg','red s',36),(195,'NFTs | Naresh Meetei | Abstract artwork, Artsy, Art','adaa5b9dc800cd41a43bf08dfe77b785.jpg','2022-02-18 09:03:58.765645','adaa5b9dc800cd41a43bf08dfe77b785.jpg','/img/artwork/adaa5b9dc800cd41a43bf08dfe77b785.jpg','NFTs ',36),(196,'Sarah Azevedo - Express Yourself | Abstract, Abstract artwork, Artwork','f7662f734349b72f00b55bfe75283076.jpg','2022-02-18 09:03:58.985242','f7662f734349b72f00b55bfe75283076.jpg','/img/artwork/f7662f734349b72f00b55bfe75283076.jpg','Sarah',36),(197,'Artwork by Egill Jacobsen, Composition, Made of Oil on canvas | Canvas painting, Artwork, Oil on ca','cd47f05c8282b83d0d4991ba6d0bc18f.jpg','2022-02-18 09:03:59.514160','cd47f05c8282b83d0d4991ba6d0bc18f.jpg','/img/artwork/cd47f05c8282b83d0d4991ba6d0bc18f.jpg','Artwo',36),(198,'ナナｓ (ﾅﾅｴｽ)@ファンタジー風景絵描き on Twitter | Abstract artwork, Abstract, Artwork','95c708e21a38ebfd7074ada2d28ed031.jpg','2022-02-18 09:03:59.738736','95c708e21a38ebfd7074ada2d28ed031.jpg','/img/artwork/95c708e21a38ebfd7074ada2d28ed031.jpg','ナナｓ (',36),(199,'Orange Home Decoration Print Giclee Artwork On Canvas By | Etsy in 2021 | Contemporary art painting','c7912e101c8001fd44a16fd69ea5337d.jpg','2022-02-18 09:04:00.140308','c7912e101c8001fd44a16fd69ea5337d.jpg','/img/artwork/c7912e101c8001fd44a16fd69ea5337d.jpg','Orang',36),(200,'Malerrei2012 | Painting, Artwork, Abstract','18a26def1b49fcea374e98c13e403fe6.jpg','2022-02-18 09:04:00.921575','18a26def1b49fcea374e98c13e403fe6.jpg','/img/artwork/18a26def1b49fcea374e98c13e403fe6.jpg','Maler',36),(201,'Pin by Ange B Widow on art inspirations | True art, Painting, Artwork','749f1929a111665d21ba4eb5b5b6d25d.jpg','2022-02-18 09:04:01.328906','749f1929a111665d21ba4eb5b5b6d25d.jpg','/img/artwork/749f1929a111665d21ba4eb5b5b6d25d.jpg','Pin b',36),(202,'Jackson Joyce - Discover - Uprise Art | Artwork, Painting, Art advisor','1ad76d59e15f8320768b5bccafed7755.jpg','2022-02-18 09:04:01.498477','1ad76d59e15f8320768b5bccafed7755.jpg','/img/artwork/1ad76d59e15f8320768b5bccafed7755.jpg','Jacks',36),(203,'This is my original artwork using melted crayons. I will definitely make more.Creation by:Taunia Br','98ec44df6769a8b35e18876ffd2fa09d.jpg','2022-02-18 09:04:02.359277','98ec44df6769a8b35e18876ffd2fa09d.jpg','/img/artwork/98ec44df6769a8b35e18876ffd2fa09d.jpg','This ',36),(204,'UNTITLED m516 | Painting, Oil painting for sale, Signed artwork','0fa4eb8b26152adc54347d7d298b11dd.jpg','2022-02-18 09:04:02.376019','0fa4eb8b26152adc54347d7d298b11dd.jpg','/img/artwork/0fa4eb8b26152adc54347d7d298b11dd.jpg','UNTIT',36),(205,'Narrow Cross, 48″H x 24″W, mixed media on wood | Painting, Koi fish, Abstract artwork','d8ba57aafab958ffe51478b5b1317958.jpg','2022-02-18 09:04:02.394453','d8ba57aafab958ffe51478b5b1317958.jpg','/img/artwork/d8ba57aafab958ffe51478b5b1317958.jpg','Narro',36),(206,'Artwork by Everett Shinn, Circus, Made of gouache on paper | Circus art, Artwork, Ashcan school','9aba289354a6e85ed7ff5384b7ce9e0f.jpg','2022-02-18 09:04:02.409486','9aba289354a6e85ed7ff5384b7ce9e0f.jpg','/img/artwork/9aba289354a6e85ed7ff5384b7ce9e0f.jpg','Artwo',36),(207,'Pin by Akash Sonkar on Aaaaaaan | Starry night, Painting, Artwork','1469b1ef5fb08b263d6bcfc471bca060.jpg','2022-02-18 09:04:02.426386','1469b1ef5fb08b263d6bcfc471bca060.jpg','/img/artwork/1469b1ef5fb08b263d6bcfc471bca060.jpg','Pin b',36);
/*!40000 ALTER TABLE `artwork` ENABLE KEYS */;
UNLOCK TABLES;

--
-- Table structure for table `comment`
--

DROP TABLE IF EXISTS `comment`;
/*!40101 SET @saved_cs_client     = @@character_set_client */;
/*!50503 SET character_set_client = utf8mb4 */;
CREATE TABLE `comment` (
  `id` bigint NOT NULL AUTO_INCREMENT,
  `regdate` datetime(6) DEFAULT NULL,
  `content` varchar(100) COLLATE utf8mb4_unicode_ci NOT NULL,
  `artwork` bigint NOT NULL,
  `member` bigint DEFAULT NULL,
  PRIMARY KEY (`id`),
  KEY `FK6hnotduf0xl10h626yfqp74np` (`artwork`),
  KEY `FKrmjlurg4yhydgyr06vx8ke00s` (`member`),
  CONSTRAINT `FK6hnotduf0xl10h626yfqp74np` FOREIGN KEY (`artwork`) REFERENCES `artwork` (`id`) ON DELETE CASCADE,
  CONSTRAINT `FKrmjlurg4yhydgyr06vx8ke00s` FOREIGN KEY (`member`) REFERENCES `member` (`id`) ON DELETE CASCADE
) ENGINE=InnoDB AUTO_INCREMENT=13 DEFAULT CHARSET=utf8mb4 COLLATE=utf8mb4_unicode_ci;
/*!40101 SET character_set_client = @saved_cs_client */;

--
-- Dumping data for table `comment`
--

LOCK TABLES `comment` WRITE;
/*!40000 ALTER TABLE `comment` DISABLE KEYS */;
INSERT INTO `comment` VALUES (2,'2022-02-17 20:37:20.168036','이쁘네요',50,32),(3,'2022-02-17 21:59:45.748394','ㅎㅎ',49,36),(4,'2022-02-17 22:36:06.564467','ㅎㅇ',59,32),(5,'2022-02-17 22:53:57.098320','ㅇㄹㅇㄹ',160,32),(6,'2022-02-17 22:55:19.788551','하하호호',50,38),(7,'2022-02-17 23:28:36.820295','좋습니다',155,32),(9,'2022-02-18 02:39:34.587876','좋은 그림잘보고가요',135,32),(10,'2022-02-18 03:42:08.142281','좋은 작품입니다',123,32),(11,'2022-02-18 03:42:12.823554','멋있어요',123,32),(12,'2022-02-18 09:07:32.969267','정말 명작이네요 ',204,32);
/*!40000 ALTER TABLE `comment` ENABLE KEYS */;
UNLOCK TABLES;

--
-- Table structure for table `follow`
--

DROP TABLE IF EXISTS `follow`;
/*!40101 SET @saved_cs_client     = @@character_set_client */;
/*!50503 SET character_set_client = utf8mb4 */;
CREATE TABLE `follow` (
  `id` bigint NOT NULL AUTO_INCREMENT,
  `followee` bigint DEFAULT NULL,
  `follower` bigint DEFAULT NULL,
  PRIMARY KEY (`id`),
  KEY `FKmaaj8hxatqcq0tbnni8glg96b` (`followee`),
  KEY `FKon174ytyau6iulr7uyxfoui4m` (`follower`),
  CONSTRAINT `FKmaaj8hxatqcq0tbnni8glg96b` FOREIGN KEY (`followee`) REFERENCES `member` (`id`),
  CONSTRAINT `FKon174ytyau6iulr7uyxfoui4m` FOREIGN KEY (`follower`) REFERENCES `member` (`id`)
) ENGINE=InnoDB AUTO_INCREMENT=7 DEFAULT CHARSET=utf8mb4 COLLATE=utf8mb4_unicode_ci;
/*!40101 SET character_set_client = @saved_cs_client */;

--
-- Dumping data for table `follow`
--

LOCK TABLES `follow` WRITE;
/*!40000 ALTER TABLE `follow` DISABLE KEYS */;
INSERT INTO `follow` VALUES (2,32,38),(5,38,32);
/*!40000 ALTER TABLE `follow` ENABLE KEYS */;
UNLOCK TABLES;

--
-- Table structure for table `galleryitem`
--

DROP TABLE IF EXISTS `galleryitem`;
/*!40101 SET @saved_cs_client     = @@character_set_client */;
/*!50503 SET character_set_client = utf8mb4 */;
CREATE TABLE `galleryitem` (
  `id` bigint NOT NULL AUTO_INCREMENT,
  `x_loc` double DEFAULT NULL,
  `y_loc` double DEFAULT NULL,
  `artwork` bigint DEFAULT NULL,
  `writer` bigint DEFAULT NULL,
  `height` double DEFAULT NULL,
  `weight` double DEFAULT NULL,
  PRIMARY KEY (`id`),
  KEY `FK45qys4ilw6ajmho06gd0op5bb` (`artwork`),
  KEY `FKmodmbbx9n4sxfxr21a48ui9v` (`writer`),
  CONSTRAINT `FK45qys4ilw6ajmho06gd0op5bb` FOREIGN KEY (`artwork`) REFERENCES `artwork` (`id`) ON DELETE CASCADE,
  CONSTRAINT `FKmodmbbx9n4sxfxr21a48ui9v` FOREIGN KEY (`writer`) REFERENCES `member` (`id`)
) ENGINE=InnoDB AUTO_INCREMENT=19 DEFAULT CHARSET=utf8mb4 COLLATE=utf8mb4_unicode_ci;
/*!40101 SET character_set_client = @saved_cs_client */;

--
-- Dumping data for table `galleryitem`
--

LOCK TABLES `galleryitem` WRITE;
/*!40000 ALTER TABLE `galleryitem` DISABLE KEYS */;
INSERT INTO `galleryitem` VALUES (11,309,55,170,NULL,184,122),(12,176,157,172,NULL,106,85);
/*!40000 ALTER TABLE `galleryitem` ENABLE KEYS */;
UNLOCK TABLES;

--
-- Table structure for table `hibernate_sequence`
--

DROP TABLE IF EXISTS `hibernate_sequence`;
/*!40101 SET @saved_cs_client     = @@character_set_client */;
/*!50503 SET character_set_client = utf8mb4 */;
CREATE TABLE `hibernate_sequence` (
  `next_val` bigint DEFAULT NULL
) ENGINE=InnoDB DEFAULT CHARSET=utf8mb4 COLLATE=utf8mb4_unicode_ci;
/*!40101 SET character_set_client = @saved_cs_client */;

--
-- Dumping data for table `hibernate_sequence`
--

LOCK TABLES `hibernate_sequence` WRITE;
/*!40000 ALTER TABLE `hibernate_sequence` DISABLE KEYS */;
INSERT INTO `hibernate_sequence` VALUES (58);
/*!40000 ALTER TABLE `hibernate_sequence` ENABLE KEYS */;
UNLOCK TABLES;

--
-- Table structure for table `likes`
--

DROP TABLE IF EXISTS `likes`;
/*!40101 SET @saved_cs_client     = @@character_set_client */;
/*!50503 SET character_set_client = utf8mb4 */;
CREATE TABLE `likes` (
  `id` bigint NOT NULL AUTO_INCREMENT,
  `regdate` datetime(6) DEFAULT NULL,
  `artwork` bigint DEFAULT NULL,
  `member` bigint DEFAULT NULL,
  PRIMARY KEY (`id`),
  KEY `FKd6ppjifqnd9gl5ep7o1mvikx4` (`artwork`),
  KEY `FKsfbfldeyx7p0xmth56ffcwf62` (`member`),
  CONSTRAINT `FKd6ppjifqnd9gl5ep7o1mvikx4` FOREIGN KEY (`artwork`) REFERENCES `artwork` (`id`) ON DELETE CASCADE,
  CONSTRAINT `FKsfbfldeyx7p0xmth56ffcwf62` FOREIGN KEY (`member`) REFERENCES `member` (`id`) ON DELETE CASCADE
) ENGINE=InnoDB AUTO_INCREMENT=51 DEFAULT CHARSET=utf8mb4 COLLATE=utf8mb4_unicode_ci;
/*!40101 SET character_set_client = @saved_cs_client */;

--
-- Dumping data for table `likes`
--

LOCK TABLES `likes` WRITE;
/*!40000 ALTER TABLE `likes` DISABLE KEYS */;
INSERT INTO `likes` VALUES (5,'2022-02-17 20:35:30.454284',34,32),(8,'2022-02-17 22:01:16.613205',48,36),(9,'2022-02-17 22:01:18.116880',43,36),(10,'2022-02-17 22:01:19.360172',47,36),(11,'2022-02-17 22:01:20.669636',42,36),(12,'2022-02-17 22:24:12.597388',57,38),(13,'2022-02-17 22:24:14.078851',56,38),(19,'2022-02-17 22:55:28.114386',50,38),(20,'2022-02-17 22:55:47.217792',140,38),(21,'2022-02-17 22:55:57.894252',109,38),(22,'2022-02-17 22:56:14.654349',67,38),(23,'2022-02-17 22:56:27.736202',62,38),(24,'2022-02-17 23:18:56.672363',39,38),(25,'2022-02-17 23:19:04.172149',38,38),(26,'2022-02-17 23:19:18.659793',51,38),(35,'2022-02-18 03:29:14.590917',171,45),(36,'2022-02-18 03:29:15.855803',175,45),(37,'2022-02-18 03:29:17.369423',170,45),(38,'2022-02-18 03:29:19.713262',165,45),(39,'2022-02-18 03:29:26.955094',150,45),(40,'2022-02-18 03:29:30.076275',157,45),(41,'2022-02-18 03:29:31.401940',172,45),(42,'2022-02-18 03:29:32.820829',173,45),(49,'2022-02-18 09:22:29.032873',207,32),(50,'2022-02-18 09:22:30.869169',200,32);
/*!40000 ALTER TABLE `likes` ENABLE KEYS */;
UNLOCK TABLES;

--
-- Table structure for table `mail_auth`
--

DROP TABLE IF EXISTS `mail_auth`;
/*!40101 SET @saved_cs_client     = @@character_set_client */;
/*!50503 SET character_set_client = utf8mb4 */;
CREATE TABLE `mail_auth` (
  `mem_no` bigint NOT NULL,
  `id` varchar(255) COLLATE utf8mb4_unicode_ci DEFAULT NULL,
  `regdate` datetime(6) DEFAULT NULL,
  PRIMARY KEY (`mem_no`)
) ENGINE=InnoDB DEFAULT CHARSET=utf8mb4 COLLATE=utf8mb4_unicode_ci;
/*!40101 SET character_set_client = @saved_cs_client */;

--
-- Dumping data for table `mail_auth`
--

LOCK TABLES `mail_auth` WRITE;
/*!40000 ALTER TABLE `mail_auth` DISABLE KEYS */;
INSERT INTO `mail_auth` VALUES (1,'133e2b1a5e','2022-02-11 11:19:55.632225'),(2,'b418635730','2022-02-11 16:57:12.395361'),(3,'396832555a','2022-02-11 23:30:16.683311'),(6,'ceb6e42dfc','2022-02-11 23:54:48.479790'),(8,'73553dd08a','2022-02-14 17:35:29.432690'),(14,'752de5592a','2022-02-14 17:36:01.465877'),(25,'31f1c72026','2022-02-16 00:21:30.623318'),(26,'a462911562','2022-02-16 10:35:00.872811'),(28,'a046f2f13c','2022-02-16 15:28:11.288701'),(31,'9a7a14ca46','2022-02-17 01:49:59.330417'),(38,'476b1c69fa','2022-02-17 21:21:30.529848'),(39,'adc53e2695','2022-02-17 21:26:56.689375'),(43,'acf384c474','2022-02-17 21:33:29.324688'),(44,'b6bec089e8','2022-02-17 22:12:20.635401'),(50,'c14d500c97','2022-02-17 23:53:05.166109');
/*!40000 ALTER TABLE `mail_auth` ENABLE KEYS */;
UNLOCK TABLES;

--
-- Table structure for table `member`
--

DROP TABLE IF EXISTS `member`;
/*!40101 SET @saved_cs_client     = @@character_set_client */;
/*!50503 SET character_set_client = utf8mb4 */;
CREATE TABLE `member` (
  `id` bigint NOT NULL,
  `auth` int DEFAULT '0',
  `email` varchar(50) COLLATE utf8mb4_unicode_ci NOT NULL,
  `intro` varchar(100) COLLATE utf8mb4_unicode_ci DEFAULT NULL,
  `nickname` varchar(30) COLLATE utf8mb4_unicode_ci DEFAULT NULL,
  `password` varchar(100) COLLATE utf8mb4_unicode_ci NOT NULL,
  `save_folder` varchar(255) COLLATE utf8mb4_unicode_ci DEFAULT NULL,
  `save_filename` varchar(300) COLLATE utf8mb4_unicode_ci DEFAULT NULL,
  PRIMARY KEY (`id`),
  UNIQUE KEY `UK_mbmcqelty0fbrvxp1q58dn57t` (`email`),
  UNIQUE KEY `UK_hh9kg6jti4n1eoiertn2k6qsc` (`nickname`)
) ENGINE=InnoDB DEFAULT CHARSET=utf8mb4 COLLATE=utf8mb4_unicode_ci;
/*!40101 SET character_set_client = @saved_cs_client */;

--
-- Dumping data for table `member`
--

LOCK TABLES `member` WRITE;
/*!40000 ALTER TABLE `member` DISABLE KEYS */;
INSERT INTO `member` VALUES (1,0,'ssafy@a.b','안녕하세요','ssafy','$2a$10$yRA8KPAX4mAlbzq/GH2O2eXPjmtIZZwOCzWiwlGJe6xYhmULhgIYS','C:\\profile\\ssafy@a.b\\baf9e710d28d76493223009971ef000e',NULL),(3,0,'ssafy1@gmail.com',NULL,NULL,'$2a$10$O3xJMmARDbEIwttU6q8Jc.BBqrkQf0PAntMP/bmbbtO2pKNscxi1K','C:\\Users\\multicampus\\Desktop\\2학기 공통\\아트탭\\backend\\profile\\default.jpg',NULL),(4,1,'ssafy123@gmail.com',NULL,NULL,'$2a$10$fzDgMTWpOJ8/8gn2OskSfue.5sbKUsyhymYS97WO.hqBCpDwwq2Ry','C:\\Users\\multicampus\\Desktop\\2학기 공통\\아트탭\\backend\\profile\\default.jpg',NULL),(8,0,'test@gmail.com',NULL,NULL,'$2a$10$r.r7dNRTBOzYpq3cdqPQROZTXuarjgd68rHAqbcbuqVEHfmgzAwQi','/\\profile\\default.jpg',NULL),(14,0,'tsst@mail.com',NULL,NULL,'$2a$10$Vqr8jlPXKn9AO728tr.Ae.D226ITwzM8UqppPTjPJun35jpelcTiy','/\\profile\\default.jpg',NULL),(25,0,'sml0206@hanmail.net',NULL,NULL,'$2a$10$r38SgtXs48VjIVlmjPVtDu9iYFd6/ELb7k815vpFSF5U9hP9Ra7A.','//src/main/resources/static/default.jpg','default.jpg'),(26,0,'kim@gmail.com',NULL,NULL,'$2a$10$.nnwArH4dgOTYDFpRN4kvOvtAWoQihhOIgG4FKfilMZzUTmOTSeXS','//src/main/resources/static/default.jpg','default.jpg'),(28,0,'a@naver.com',NULL,NULL,'$2a$10$Zy3XovCM5MwBgCB6Cm.fkO8QWmaYd.jQO1lGG81ePIqxHnp8cuORO','//src/main/resources/static/default.jpg','default.jpg'),(31,0,'qoskdud15@daum.net',NULL,NULL,'$2a$10$1GFhtakqoeXrXprJB4T.b.cKhkbk7mYkFFRffmXBok6ssNPxPB8B2','//src/main/resources/static/default.jpg','default.jpg'),(32,1,'pch1656@daum.net','고등어고양이 키우는 집사입니다','고등어집사','$2a$10$3PnrWS27m5LvyZW6QqKA/uctrvv4VvlMD52SZ0Xf8pISkRnoo0vwy','/img/profile/5bd3f0406aee781fe63b0284f2f8f1f7cat.jpg','5bd3f0406aee781fe63b0284f2f8f1f7cat.jpg'),(36,1,'pch1656@gmail.com','집사','고등어','$2a$10$PqGJKZBICvLxaCMd6FDnHO2jXwSFzJQUHKbx./F1Y1IQVShsEoEZy','/img/profile/d3e1f4effb1f4f10d3b1ff20956d66a6cat.jpg','d3e1f4effb1f4f10d3b1ff20956d66a6cat.jpg'),(38,0,'tph01198@naver.com','호호호호','하하호호','$2a$10$igPQjv6st04xF7PJzIrpSOlLce9qqFKvJ2yLtEEf9vw0ebiUYabjW','/img/profile/a8227aab9f9e6f83cc156277798ac6bb51b5269d05630547f3787fb2141e794b.jpg','a8227aab9f9e6f83cc156277798ac6bb51b5269d05630547f3787fb2141e794b.jpg'),(43,0,'qoskdud15@gmail.com',NULL,NULL,'$2a$10$2.tC7B.mpkEL9TCaC9R82e7t0YQoyeceP3XhU9Yu0UYL1K.GCNzfi','//src/main/resources/static/default.jpg','default.jpg'),(44,0,'buschanny@gmail.com',NULL,NULL,'$2a$10$UuO0/QoRIPs0TPVgjIGilObNnfPpTH490lAptYKPZZNa6iNqint7y','//src/main/resources/static/default.jpg','default.jpg'),(45,1,'withua_@naver.com',NULL,NULL,'$2a$10$MntjMblgm.GUZIAoDYpyEe6N0Gye2obCE8Zxji/M7QSmUjs6e5o8u','//src/main/resources/static/default.jpg','default.jpg'),(50,0,'arttab0216@gmail.com',NULL,NULL,'$2a$10$tBNSEsnrUWNkU8KxSw72lO1UWWb7gjDPCXYATN.Tcb.jlyFN/9dqO','/img/default.jpg','default.jpg'),(53,1,'sml0206@kakao.com',NULL,'miirr','$2a$10$GplSxbZ2eVu1CopVAveZiucaGKLSz4HZ0uOfEBamsEuQcG.dJjsy.','//src/main/resources/static/default.jpg','default.jpg');
/*!40000 ALTER TABLE `member` ENABLE KEYS */;
UNLOCK TABLES;
/*!40103 SET TIME_ZONE=@OLD_TIME_ZONE */;

/*!40101 SET SQL_MODE=@OLD_SQL_MODE */;
/*!40014 SET FOREIGN_KEY_CHECKS=@OLD_FOREIGN_KEY_CHECKS */;
/*!40014 SET UNIQUE_CHECKS=@OLD_UNIQUE_CHECKS */;
/*!40101 SET CHARACTER_SET_CLIENT=@OLD_CHARACTER_SET_CLIENT */;
/*!40101 SET CHARACTER_SET_RESULTS=@OLD_CHARACTER_SET_RESULTS */;
/*!40101 SET COLLATION_CONNECTION=@OLD_COLLATION_CONNECTION */;
/*!40111 SET SQL_NOTES=@OLD_SQL_NOTES */;

-- Dump completed on 2022-02-18 10:54:01
